{
  "nairobi": [-1.286389, 36.817223],
  "dubai": [25.276987, 55.296249],
  "mombasa": [-4.0435, 39.6682],
  "rotterdam": [51.9225, 4.47917],
  "shanghai": [31.2304, 121.4737]
}
